{
	"miniprogramRoot": "miniprogram/",
	"cloudfunctionRoot": "cloudfunctions/",
	"setting": {
		"urlCheck": true,
		"es6": true,
		"postcss": true,
		"minified": true,
		"newFeature": true,
		"autoAudits": false,
		"checkInvalidKey": true,
		"nodeModules": true
	},
	"appid": "wxb2cd84131aedad75",
	"projectname": "qimoEnglish",
	"libVersion": "2.2.5",
	"simulatorType": "wechat",
	"simulatorPluginLibVersion": {},
	"condition": {
		"search": {
			"current": -1,
			"list": []
		},
		"conversation": {
			"current": -1,
			"list": []
		},
		"plugin": {
			"current": -1,
			"list": []
		},
		"game": {
			"list": []
		},
		"miniprogram": {
			"current": 2,
			"list": [
				{
					"id": -1,
					"name": "db guide",
					"pathName": "pages/databaseGuide/databaseGuide",
					"query": ""
				},
				{
					"id": -1,
					"name": "writingPractice",
					"pathName": "pages/writing/writingPractice/writingPractice",
					"query": "",
					"scene": null
				},
				{
					"id": -1,
					"name": "spiderPreview",
					"pathName": "pages/spider/spiderPreview/spiderPreview",
					"scene": null
				}
			]
		}
	}
}